DROP TABLE IF EXISTS customer;
DROP TABLE IF EXISTS car;
DROP TABLE IF EXISTS manufacturer;

CREATE TABLE manufacturer (
  id INT AUTO_INCREMENT PRIMARY KEY,
  name VARCHAR(250) NOT NULL
);

CREATE TABLE car (
  id INT AUTO_INCREMENT PRIMARY KEY,
  model VARCHAR(250) NOT NULL,
  license_plate VARCHAR(250) NOT NULL,
  manufacturer_id INT NOT NULL,
  constraint fk_car_manufacturer
     foreign key (manufacturer_id)
     REFERENCES manufacturer (id)
);

CREATE TABLE customer (
  id INT AUTO_INCREMENT PRIMARY KEY,
  first_name VARCHAR(250) NOT NULL,
  last_name VARCHAR(250) NOT NULL,
  age INT NOT NULL,
  car_id INT,
  constraint fk_customer_ccar
     foreign key (car_id)
     REFERENCES car (id)
);

INSERT INTO manufacturer (id, name) VALUES
(1, 'Audi'),
(2, 'BMW'),
(3, 'Dodge'),
(4, 'Mazda'),
(5, 'Aston Martin'),
(6, 'Jaguar'),
(7, 'Mitsubishi'),
(8, 'Mercedes'),
(9, 'Maserati');

INSERT INTO car (model, license_plate, manufacturer_id) VALUES
('X6', 'TN FZ538', 2),
('Coupe', 'UW YN980', 8),
('X3', 'MY XT809', 2),
('Viper', 'RO VU547', 3),
('E-PACE', 'IE HO302', 6),
('MC20', 'AW BJ401', 9),
('D50', 'XI JW416', 3),
('GLE SUV', 'ZB LZ150', 8),
('Charger', 'SX IW145', 3),
('D50', 'LX WD079', 3),
('DB11', 'OM QH635', 5),
('Outlander', 'GO CG839', 7),
('A5', 'OG KV426', 1),
('DB11', 'EA UO910', 5),
('Mazda6', 'QK UL683', 4),
('Quattroporte', 'OI OA112', 9),
('Q2', 'LE YV645', 1),
('DBS Superleggera', 'ZR FW214', 5),
('Vantage', 'IE DU086', 5),
('Q2', 'JZ TW298', 1),
('Mazda6', 'CJ ZO103', 4),
('TT', 'ZC UR290', 1),
('E-class sedan', 'VD KT843', 8),
('CX-5', 'KL QK221', 4),
('D50', 'DN CL151', 3),
('Arrow', 'SR ZK958', 3),
('Quattroporte', 'ZB QT406', 9),
('Coupe', 'TP KE301', 8),
('DBX', 'TL AC779', 5),
('Viper', 'YF OX919', 3),
('D50', 'FE RH501', 3),
('Eclipse Cross', 'ZM UX070', 7),
('X3', 'NK UX421', 2),
('GLE SUV', 'ZO HQ598', 8),
('X5', 'CT KB907', 2),
('Quattroporte', 'OG LI836', 9),
('GLE SUV', 'ME RR105', 8),
('E-class sedan', 'DY ML735', 8),
('Space Star', 'ZP TG092', 7),
('Outlander', 'RX EW976', 7),
('D50', 'RX OC075', 3),
('CX-5', 'XJ TP997', 4),
('Mazda6', 'JH KH933', 4),
('DB11', 'VA HP012', 5),
('Levante', 'WT PO994', 9),
('CX-5', 'HT RN370', 4),
('GLE SUV', 'HL ON556', 8),
('DB11', 'HL BX451', 5),
('DBS Superleggera', 'WG EG978', 5),
('CX-5', 'EN SL098', 4),
('Mazda6', 'KJ GH229', 4),
('TT', 'CJ VD617', 1),
('i3', 'VR KW734', 2),
('DBX', 'LX SJ349', 5),
('CX-5', 'UC WW894', 4),
('Charger', 'UW BL620', 3),
('Viper', 'NQ TB523', 3),
('Coupe', 'VH YK518', 8),
('E-PACE', 'RA WL064', 6),
('Crusader', 'GG TP412', 3),
('Outlander', 'VI WG142', 7),
('Charger', 'FM MG506', 3),
('XE', 'CE WN456', 6),
('Arrow', 'TH QQ966', 3),
('Outlander', 'FF ZN735', 7),
('Levante', 'TY TQ832', 9),
('X3', 'OY UE675', 2),
('Outlander', 'IU YW227', 7),
('X3', 'HY TC042', 2),
('Mazda6', 'FN PB750', 4),
('Vantage', 'FN KR407', 5),
('Eclipse Cross', 'OD EL869', 7),
('Q2', 'DT XD701', 1),
('i3', 'PT CS087', 2),
('E-class sedan', 'WP QU552', 8),
('Eclipse Cross', 'JI KN833', 7),
('Coupe', 'MU XM877', 8),
('Coupe', 'FU RK304', 8),
('DBS Superleggera', 'LJ KP910', 5),
('MC20', 'AD AB689', 9),
('DBX', 'KE YQ109', 5),
('Vantage', 'LL HQ755', 5),
('E-PACE', 'XO VG101', 6),
('CX-5', 'KL VI809', 4),
('A5', 'VF BE656', 1),
('R8', 'HP WP514', 1),
('MC20', 'YM NV587', 9),
('Outlander', 'ZE BP601', 7),
('Coupe', 'TM UO362', 8),
('DBS Superleggera', 'MN YH730', 5),
('Mazda6', 'JZ XW123', 4),
('Viper', 'TO DG536', 3),
('DB11', 'KG RE157', 5),
('Levante', 'HW QH071', 9),
('MX-30', 'SL PB072', 4),
('DB11', 'WI UK013', 5),
('MC20', 'ZV HI646', 9),
('CX-5', 'WG KI707', 4),
('A4', 'SJ VL551', 1),
('MX-30', 'TX DS689', 4);

INSERT INTO customer (first_name, last_name, age, car_id) VALUES
('Benito', 'Van Leeuwen', 47, 1),
('Cyrilo', 'Evans', 24, 2),
('Kennedy', 'Wilson', 45, 3),
('Chiara', 'Davies', 34, 4),
('Eleanor', 'Williams', 38, 5),
('Florian', 'Schmidt', 47, 6),
('Abigail', 'Evans', 34, 7),
('Violet', 'Davies', 30, 8),
('Mareike', 'Williams', 48, 9),
('Pietro', 'Williams', 24, 10),
('Jasper', 'Schneider', 33, 11),
('Arianna', 'Schmidt', 40, 12),
('Grace', 'Walker', 37, 13),
('Isabella', 'Fischer', 43, 14),
('Gustav', 'Wilson', 23, 15),
('Giovanni', 'Schneider', 44, 16),
('Peyton', 'Wright', 36, 17),
('Lilou', 'Weber', 30, 18),
('Kennedy', 'Johnson', 28, 19),
('Serenity', 'Schmidt', 46, 20),
('Alejandro', 'Wilson', 31, 21),
('Jasper', 'Davies', 21, 22),
('Maja', 'Johnson', 45, 23),
('Victor', 'Robinson', 28, 24),
('Eryk', 'Evans', 34, 25),
('Katherine', 'Meyer', 29, 26),
('Olivia', 'Walker', 37, 27),
('Giovanni', 'Wright', 25, 28),
('Giovanni', 'Wright', 32, 29),
('Gustav', 'Wright', 34, 30),
('Davide', 'Johnson', 22, 31),
('Evan', 'Weber', 35, 32),
('Cyrilo', 'Walker', 29, 33),
('Ferdinand', 'Johnson', 36, 34),
('Cyrilo', 'Van Leeuwen', 33, 35),
('Oliver', 'Walker', 37, 36),
('Kristian', 'Thompson', 37, 37),
('Marcello', 'Weber', 40, 38),
('Henrik', 'Evans', 41, 39),
('Arianna', 'Schneider', 26, 40),
('Ingrid', 'Davies', 24, 41),
('Eleanor', 'Schmidt', 48, 42),
('Alice', 'Meyer', 28, 43),
('Gabriella', 'Robinson', 38, 44),
('Emilio', 'Weber', 32, 45),
('Olivia', 'Schmidt', 32, 46),
('Sarah', 'Schneider', 22, 47),
('Luis', 'Schmidt', 32, 48),
('Luis', 'Johnson', 21, 49),
('Xavier', 'Williams', 37, 50),
('Mia', 'Williams', 42, 51),
('Alejandro', 'Van Leeuwen', 32, 52),
('Charlotte', 'Meyer', 23, 53),
('Blaise', 'Van Leeuwen', 28, 54),
('Bence', 'Weber', 21, 55),
('Bence', 'Williams', 33, 56),
('Logan', 'Van Leeuwen', 38, 57),
('Diane', 'Williams', 30, 58),
('Gustav', 'Schneider', 41, 59),
('Adorjan', 'Davies', 48, 60),
('Eryk', 'Fischer', 22, 61),
('Rhys', 'Williams', 32, 62),
('Serenity', 'Schmidt', 39, 63),
('Emilio', 'Davies', 39, 64),
('Luis', 'Wright', 37, 65),
('Michalina', 'Walker', 24, 66),
('Oliver', 'Thompson', 28, 67),
('Remy', 'Meyer', 25, 68),
('Lillian', 'Walker', 38, 69),
('Emma', 'Thompson', 43, 70),
('Audrey', 'Davies', 41, 71),
('Stefan', 'Davies', 38, 72),
('Henrik', 'Davies', 28, 73),
('Kristoffer', 'Wilson', 29, 74),
('Luis', 'Williams', 39, 75),
('Hannah', 'Davies', 28, 76),
('Mareike', 'Evans', 24, 77),
('Anna', 'Meyer', 42, 78),
('Abella', 'Van Leeuwen', 27, 79),
('Ava', 'Williams', 28, 80),
('Benito', 'Wilson', 26, 81),
('Logan', 'Van Leeuwen', 41, 82),
('Baptiste', 'Schmidt', 37, 83),
('Serenity', 'Schneider', 35, 84),
('Serenity', 'Wright', 35, 85),
('Kennedy', 'Meyer', 47, 86),
('Adelmo', 'Thompson', 43, 87),
('Maja', 'Johnson', 34, 88),
('Peyton', 'Walker', 39, 89),
('Serenity', 'Wilson', 44, 90),
('Alice', 'Davies', 43, 91),
('Lola', 'Davies', 27, 92),
('Oliver', 'Weber', 36, 93),
('Isabella', 'Robinson', 44, 94),
('Esmeralda', 'Johnson', 23, 95),
('Alzbeta', 'Wilson', 39, 96),
('Henrik', 'Fischer', 34, 97),
('Raymond', 'Williams', 45, 98),
('Sarah', 'Wright', 42, 99),
('Florian', 'Wright', 33, 100),
('Ingrid', 'Wilson', 37, null),
('Abigail', 'Walker', 25, null),
('Samantha', 'Johnson', 37, null);